## SERIES 
### Определение

##### Функции генерирующие ряды значений

| *Функция*                                           | *Тип фргумента*                            | *Тип результатов*                                                                     | *Описание*                                                               |
| --------------------------------------------------- | ------------------------------------------ | ------------------------------------------------------------------------------------- | ------------------------------------------------------------------------ |
| generate_series(`start`, `stop`)                    | `int`, `bigint` или `numeric`              | `setof int`, `setof bigint` или `setof numeric` (определяется типом аргумента)        | Выдаёт ряд целых чисел от _`start`_ до _`stop`_ с шагом 1                |
| generate_series(`start`, `stop`, `step`)            | `int`, `bigint` или `numeric`              | `setof int`, `setof bigint` или `setof numeric` (определяется типом аргумента)        | Выдаёт ряд значений от _`start`_ до _`stop`_ с заданным шагом (_`step`_) |
| generate_series(`start`, `stop`, `step` `interval`) | `timestamp` или `timestamp with time zone` | `setof timestamp` или `setof timestamp with time zone` (определяется типом аргумента) | Выдаёт ряд значений от _`start`_ до _`stop`_ с заданным шагом (_`step`_) |

Если заданный шаг (_`step`_) положительный, а _`start`_ оказывается больше _`stop`_, эти функции возвращают 0 строк. Тот же результат будет, если _`step`_ меньше 0, а _`start`_ меньше _`stop`_, или если какой-либо аргумент равен `NULL`. Если же _`step`_ будет равен 0, произойдёт ошибка.
### Пример

``` postgreSQL
SELECT * FROM generate_series(2,4);
 generate_series
-----------------
               2
               3
               4
(3 rows)

SELECT * FROM generate_series(5,1,-2);
 generate_series
-----------------
               5
               3
               1
(3 rows)

SELECT * FROM generate_series(4,3);
 generate_series
-----------------
(0 rows)

SELECT generate_series(1.1, 4, 1.3);
 generate_series 
-----------------
             1.1
             2.4
             3.7
(3 rows)

-- этот пример задействует оператор прибавления к дате целого числа
SELECT current_date + s.a AS dates FROM generate_series(0,14,7) AS s(a);
   dates
------------
 2004-02-05
 2004-02-12
 2004-02-19
(3 rows)

SELECT * FROM generate_series('2008-03-01 00:00'::timestamp,
                              '2008-03-04 12:00', '10 hours');
   generate_series   
---------------------
 2008-03-01 00:00:00
 2008-03-01 10:00:00
 2008-03-01 20:00:00
 2008-03-02 06:00:00
 2008-03-02 16:00:00
 2008-03-03 02:00:00
 2008-03-03 12:00:00
 2008-03-03 22:00:00
 2008-03-04 08:00:00
(9 rows)

```

### Простыми словами

Генерирует нужные множества с исрользованием `step` ,`start` ,`stop`.